,country_name,country_code,year,animal_product_kg_cap_yr,Name,Alpha2,Alpha3,UNCode,GraphTest
0,Afghanistan,AFG,2008,72.05999999999999,Afghanistan,AF,AFG,4,1200
1,Albania,ALB,2008,346.05999999999995,Albania,AL,ALB,8,1500
2,Algeria,DZA,2008,143.81,Algeria,DZ,DZA,12,7000
3,Angola,AGO,2008,40.39,Angola,AO,AGO,24,1800
4,Antigua and Barbuda,ATG,2008,222.69,Antigua and Barbuda,AG,ATG,28,1300
5,Argentina,ARG,2008,309.36,Argentina,AR,ARG,32,2000
6,Armenia,ARM,2008,219.79,Armenia,AM,ARM,51,1600
7,Australia,AUS,2008,347.19,Australia,AU,AUS,36,2300
8,Austria,AUT,2008,336.16,Austria,AT,AUT,40,2200
9,Azerbaijan,AZE,2008,145.29,Azerbaijan,AZ,AZE,31,2600
10,Bahamas,BHS,2008,198.57999999999998,Bahamas,BS,BHS,44,4100
11,Bangladesh,BGD,2008,22.97,Bangladesh,BD,BGD,50,2900
12,Barbados,BRB,2008,174.25,Barbados,BB,BRB,52,2800
13,Belarus,BLR,2008,234.04999999999998,Belarus,BY,BLR,112,4500
14,Belgium,BEL,2008,334.96,Belgium,BE,BEL,56,3000
15,Belize,BLZ,2008,118.44999999999999,Belize,BZ,BLZ,84,4600
16,Benin,BEN,2008,28.48,Benin,BJ,BEN,204,3500
17,Bermuda,BMU,2008,215.93,Bermuda,BM,BMU,60,3700
18,Bolivia,BOL,2008,106.55000000000003,Bolivia,BO,BOL,68,3900
19,Bosnia and Herzegovina,BIH,2008,214.16,Bosnia and Herzegovina,BA,BIH,70,2700
20,Botswana,BWA,2008,116.67,Botswana,BW,BWA,72,4400
21,Brazil,BRA,2008,222.88,Brazil,BR,BRA,76,4000
22,Brunei,BRN,2008,187.55,Brunei Darussalam,BN,BRN,96,3800
23,Bulgaria,BGR,2008,206.79,Bulgaria,BG,BGR,100,3200
24,Burkina Faso,BFA,2008,40.01,Burkina Faso,BF,BFA,854,3100
25,Cambodia,KHM,2008,21.669999999999998,Cambodia,KH,KHM,116,12500
26,Cameroon,CMR,2008,30.38,Cameroon,CM,CMR,120,5600
27,Canada,CAN,2008,313.79,Canada,CA,CAN,124,4700
28,Cape Verde,CPV,2008,143.32,Cape Verde,CV,CPV,132,6100
29,Central African Republic,CAF,2008,52.660000000000004,Central African Republic,CF,CAF,140,5000
30,Chad,TCD,2008,35.33,Chad,TD,TCD,148,22200
31,Chile,CHL,2008,188.37,Chile,CL,CHL,152,5500
32,China,CHN,2008,99.99000000000001,China,CN,CHN,156,5700
33,Colombia,COL,2008,187.12000000000003,Colombia,CO,COL,170,5800
34,Congo,COG,2008,32.34,Congo (Brazzaville),CG,COG,178,5100
35,Costa Rica,CRI,2008,239.15,Costa Rica,CR,CRI,188,5900
36,Cote d'Ivoire,CIV,2008,23.41,CÃ´te d'Ivoire,CI,CIV,384,5300
37,Croatia,HRV,2008,293.57,Croatia,HR,HRV,191,10600
38,Cuba,CUB,2008,156.60000000000002,Cuba,CU,CUB,192,6000
39,Cyprus,CYP,2008,224.96,Cyprus,CY,CYP,196,6300
40,Czech Republic,CZE,2008,288.83,Czech Republic,CZ,CZE,203,6400
41,Denmark,DNK,2008,358.53000000000003,Denmark,DK,DNK,208,6700
42,Djibouti,DJI,2008,80.59,Djibouti,DJ,DJI,262,6600
43,Dominica,DMA,2008,279.71999999999997,Dominica,DM,DMA,212,6800
44,Dominican Republic,DOM,2008,127.8,Dominican Republic,DO,DOM,214,6900
45,Ecuador,ECU,2008,190.63,Ecuador,EC,ECU,218,7100
46,Egypt,EGY,2008,95.62,Egypt,EG,EGY,818,7300
47,El Salvador,SLV,2008,155.7,El Salvador,SV,SLV,222,21800
48,Estonia,EST,2008,338.87,Estonia,EE,EST,233,7200
49,Ethiopia,ETH,2008,50.54,Ethiopia,ET,ETH,231,7700
50,Fiji,FJI,2008,84.73,Fiji,FJ,FJI,242,7900
51,Finland,FIN,2008,467.17,Finland,FI,FIN,246,7800
52,France,FRA,2008,344.28999999999996,France,FR,FRA,250,8300
53,French Polynesia,PYF,2008,205.4,French Polynesia,PF,PYF,258,18300
54,Gabon,GAB,2008,89.91000000000001,Gabon,GA,GAB,266,8400
55,Gambia,GMB,2008,41.97,Gambia,GM,GMB,270,9300
56,Georgia,GEO,2008,186.64000000000001,Georgia,GE,GEO,268,8700
57,Germany,DEU,2008,350.77,Germany,DE,DEU,276,6500
58,Ghana,GHA,2008,24.919999999999998,Ghana,GH,GHA,288,9000
59,Greece,GRC,2008,370.89,Greece,GR,GRC,300,9700
60,Grenada,GRD,2008,167.64000000000001,Grenada,GD,GRD,308,8600
61,Guatemala,GTM,2008,87.78999999999999,Guatemala,GT,GTM,320,9900
62,Guinea,GIN,2008,22.12,Guinea,GN,GIN,324,9400
63,Guinea-Bissau,GNB,2008,32.53,Guinea-Bissau,GW,GNB,624,10100
64,Guyana,GUY,2008,163.21,Guyana,GY,GUY,328,10200
65,Haiti,HTI,2008,30.59,Haiti,HT,HTI,332,10700
66,Honduras,HND,2008,166.0,Honduras,HN,HND,340,10500
67,Hong Kong,HKG,2008,217.66,"Hong Kong, SAR China",HK,HKG,344,10300
68,Hungary,HUN,2008,265.18,Hungary,HU,HUN,348,10800
69,Iceland,ISL,2008,346.03999999999996,Iceland,IS,ISL,352,11700
70,India,IND,2008,82.21000000000001,India,IN,IND,356,11300
71,Indonesia,IDN,2008,25.67,Indonesia,ID,IDN,360,10900
72,Iran,IRN,2008,95.47,"Iran, Islamic Republic of",IR,IRN,364,11600
73,Iraq,IRQ,2008,51.19,Iraq,IQ,IRQ,368,11500
74,Ireland,IRL,2008,398.72,Ireland,IE,IRL,372,11000
75,Israel,ISR,2008,305.97999999999996,Israel,IL,ISR,376,11100
76,Italy,ITA,2008,365.87,Italy,IT,ITA,380,11800
77,Jamaica,JAM,2008,163.04,Jamaica,JM,JAM,388,12000
78,Japan,JPN,2008,139.73,Japan,JP,JPN,392,12200
79,Jordan,JOR,2008,156.02,Jordan,JO,JOR,400,12100
80,Kazakhstan,KAZ,2008,337.71,Kazakhstan,KZ,KAZ,398,13300
81,Kenya,KEN,2008,110.24000000000001,Kenya,KE,KEN,404,12300
82,Kiribati,KIR,2008,54.900000000000006,Kiribati,KI,KIR,296,12600
83,Kuwait,KWT,2008,252.53,Kuwait,KW,KWT,414,13100
84,Kyrgyzstan,KGZ,2008,223.33,Kyrgyzstan,KG,KGZ,417,12400
85,Laos,LAO,2008,23.310000000000002,Lao PDR,LA,LAO,418,13400
86,Latvia,LVA,2008,313.87,Latvia,LV,LVA,428,14300
87,Lebanon,LBN,2008,166.1,Lebanon,LB,LBN,422,13500
88,Lesotho,LSO,2008,39.14,Lesotho,LS,LSO,426,14000
89,Liberia,LBR,2008,15.469999999999999,Liberia,LR,LBR,430,13900
90,Lithuania,LTU,2008,398.79,Lithuania,LT,LTU,440,14100
91,Luxembourg,LUX,2008,353.39,Luxembourg,LU,LUX,442,14200
92,Macao,MAC,2008,190.45,"Macao, SAR China",MO,MAC,446,15600
93,Macedonia,MKD,2008,201.23000000000002,"Macedonia, Republic of",MK,MKD,807,15200
94,Madagascar,MDG,2008,43.38999999999999,Madagascar,MG,MDG,450,15000
95,Malawi,MWI,2008,12.760000000000002,Malawi,MW,MWI,454,16400
96,Malaysia,MYS,2008,89.27999999999999,Malaysia,MY,MYS,458,16600
97,Maldives,MDV,2008,116.76,Maldives,MV,MDV,462,16300
98,Mali,MLI,2008,130.18,Mali,ML,MLI,466,15300
99,Malta,MLT,2008,285.11999999999995,Malta,MT,MLT,470,16100
100,Mauritania,MRT,2008,169.98000000000002,Mauritania,MR,MRT,478,15900
101,Mauritius,MUS,2008,174.33999999999997,Mauritius,MU,MUS,480,16200
102,Mexico,MEX,2008,187.43,Mexico,MX,MEX,484,16500
103,Moldova,MDA,2008,196.48000000000002,Moldova,MD,MDA,498,14700
104,Mongolia,MNG,2008,225.28,Mongolia,MN,MNG,496,15500
105,Montenegro,MNE,2008,428.71000000000004,Montenegro,ME,MNE,499,14800
106,Morocco,MAR,2008,78.74,Morocco,MA,MAR,504,14500
107,Mozambique,MOZ,2008,13.870000000000001,Mozambique,MZ,MOZ,508,16700
108,Myanmar,MMR,2008,59.41,Myanmar,MM,MMR,104,15400
109,Namibia,NAM,2008,103.71000000000001,Namibia,,NAM,516,16800
110,Nepal,NPL,2008,57.75,Nepal,NP,NPL,524,17600
111,Netherlands,NLD,2008,435.84,Netherlands,NL,NLD,528,17400
112,Netherlands Antilles,ANT,2008,262.89,Netherlands Antilles,AN,ANT,530,1700
113,New Caledonia,NCL,2008,192.07,New Caledonia,NC,NCL,540,16900
114,New Zealand,NZL,2008,213.99,New Zealand,NZ,NZL,554,17900
115,Nicaragua,NIC,2008,102.9,Nicaragua,NI,NIC,558,17300
116,Niger,NER,2008,87.21,Niger,NE,NER,562,17000
117,Nigeria,NGA,2008,19.580000000000002,Nigeria,NG,NGA,566,17200
118,North Korea,PRK,2008,21.9,Korea (North),KP,PRK,408,12900
119,Norway,NOR,2008,338.25,Norway,NO,NOR,578,17500
120,Oman,OMN,2008,204.47,Oman,OM,OMN,512,18000
121,Pakistan,PAK,2008,186.66,Pakistan,PK,PAK,586,18600
122,Panama,PAN,2008,133.63,Panama,PA,PAN,591,18100
123,Paraguay,PRY,2008,129.89000000000001,Paraguay,PY,PRY,600,19400
124,Peru,PER,2008,81.67,Peru,PE,PER,604,18200
125,Philippines,PHL,2008,48.54,Philippines,PH,PHL,608,18500
126,Poland,POL,2008,249.21000000000004,Poland,PL,POL,616,18700
127,Portugal,PRT,2008,325.85,Portugal,PT,PRT,620,19200
128,Romania,ROU,2008,351.89,Romania,RO,ROU,642,19700
129,Russia,RUS,2008,246.55,Russian Federation,RU,RUS,643,19900
130,Rwanda,RWA,2008,23.289999999999996,Rwanda,RW,RWA,646,20000
131,Saint Kitts and Nevis,KNA,2008,171.31,Saint Kitts and Nevis,KN,KNA,659,12800
132,Saint Lucia,LCA,2008,194.49000000000004,Saint Lucia,LC,LCA,662,13600
133,Saint Vincent and the Grenadines,VCT,2008,191.96,Saint Vincent and Grenadines,VC,VCT,670,24400
134,Samoa,WSM,2008,114.49000000000001,Samoa,WS,WSM,882,25100
135,Sao Tome and Principe,STP,2008,43.470000000000006,Sao Tome and Principe,ST,STP,678,21700
136,Saudi Arabia,SAU,2008,131.29999999999998,Saudi Arabia,SA,SAU,682,20100
137,Senegal,SEN,2008,43.49,Senegal,SN,SEN,686,21300
138,Serbia,SRB,2008,210.12,Serbia,RS,SRB,688,19800
139,Sierra Leone,SLE,2008,13.540000000000003,Sierra Leone,SL,SLE,694,21100
140,Slovakia,SVK,2008,201.31,Slovakia,SK,SVK,703,21000
141,Slovenia,SVN,2008,356.75,Slovenia,SI,SVN,705,20800
142,Solomon Islands,SLB,2008,17.31,Solomon Islands,SB,SLB,90,20200
143,South Africa,ZAF,2008,122.77,South Africa,ZA,ZAF,710,25400
144,South Korea,KOR,2008,93.64,Korea (South),KR,KOR,410,13000
145,Spain,ESP,2008,277.76,Spain,ES,ESP,724,7600
146,Sri Lanka,LKA,2008,41.11,Sri Lanka,LK,LKA,144,13800
147,Suriname,SUR,2008,96.67000000000002,Suriname,SR,SUR,740,21500
148,Swaziland,SWZ,2008,71.0,Swaziland,SZ,SWZ,748,22000
149,Sweden,SWE,2008,452.72,Sweden,SE,SWE,752,20500
150,Switzerland,CHE,2008,393.84000000000003,Switzerland,CH,CHE,756,5200
151,Taiwan,TWN,2008,125.54,"Taiwan, Republic of China",TW,TWN,158,23500
152,Tajikistan,TJK,2008,69.71000000000001,Tajikistan,TJ,TJK,762,22600
153,Tanzania,TZA,2008,46.35,"Tanzania, United Republic of",TZ,TZA,834,23600
154,Thailand,THA,2008,62.09,Thailand,TH,THA,764,22500
155,Timor,TLS,2008,40.480000000000004,Timor-Leste,TL,TLS,626,22800
156,Togo,TGO,2008,14.79,Togo,TG,TGO,768,22400
157,Trinidad and Tobago,TTO,2008,155.16,Trinidad and Tobago,TT,TTO,780,23300
158,Tunisia,TUN,2008,141.66000000000003,Tunisia,TN,TUN,788,23000
159,Turkey,TUR,2008,174.78,Turkey,TR,TUR,792,23200
160,Turkmenistan,TKM,2008,210.34,Turkmenistan,TM,TKM,795,22900
161,Uganda,UGA,2008,51.82999999999999,Uganda,UG,UGA,800,23800
162,Ukraine,UKR,2008,237.31,Ukraine,UA,UKR,804,23700
163,United Arab Emirates,ARE,2008,236.23,United Arab Emirates,AE,ARE,784,1100
164,United Kingdom,GBR,2008,337.11,United Kingdom,GB,GBR,826,8500
165,United States,USA,2008,389.98,United States of America,US,USA,840,24000
166,Uruguay,URY,2008,298.43,Uruguay,UY,URY,858,24100
167,Uzbekistan,UZB,2008,169.06,Uzbekistan,UZ,UZB,860,24200
168,Vanuatu,VUT,2008,71.34,Vanuatu,VU,VUT,548,24900
169,Venezuela,VEN,2008,215.42,Venezuela (Bolivarian Republic),VE,VEN,862,24500
170,Vietnam,VNM,2008,57.07,Viet Nam,VN,VNM,704,24800
171,Yemen,YEM,2008,56.38999999999999,Yemen,YE,YEM,887,25200
172,Zambia,ZMB,2008,23.57,Zambia,ZM,ZMB,894,25500
173,Zimbabwe,ZWE,2008,47.34,Zimbabwe,ZW,ZWE,716,25600
